Dataset,Time,AUC,FSC,CohenKappa,AUC_mean,AUC_std,Features_auc,Accurracy_max,Accurracy_mean,Accurracy_std,Features_acc,CohenKappa_mean,CohenKappa_std,Features_ck,Seed,Fold
5,1200,0.7998151875702896,0.7575,0.4805389542231647,0.7606416859478083,0.08522435314294477,5,0.7413333333333333,0.71736,0.049712052640962005,6,0.4212702324356898,0.1418388978536569,6,7,2
