Dataset,Time,AUC,FSC,CohenKappa,AUC_mean,AUC_std,Features_auc,Accurracy_max,Accurracy_mean,Accurracy_std,Features_acc,CohenKappa_mean,CohenKappa_std,Features_ck,Seed,Fold
5,3600,0.7837529504327301,0.7627118644067796,0.47410466744790924,0.7696022459051569,0.018828807016713772,4,0.7390146471371505,0.735525965379494,0.0041844830065488154,3,0.467642793873957,0.007349238946062264,3,7,4
