Dataset,Time,AUC,FSC,CohenKappa,AUC_mean,AUC_std,Features_auc,Accurracy_max,Accurracy_mean,Accurracy_std,Features_acc,CohenKappa_mean,CohenKappa_std,Features_ck,Seed,Fold
5,3600,0.796106032125769,0.7632183908045976,0.490112647919266,0.71973079004329,0.08019056156234282,5,0.7456724367509987,0.6868974700399467,0.07678184192372511,4,0.3606168396699775,0.17118342930223365,4,3,4
