Dataset,Time,AUC,FSC,CohenKappa,AUC_mean,AUC_std,Features_auc,Accurracy_max,Accurracy_mean,Accurracy_std,Features_acc,CohenKappa_mean,CohenKappa_std,Features_ck,Seed,Fold
6,3600,0.886128762541806,0.8019480519480521,0.6443732175756505,0.8622928929765886,0.020055391706830693,6,0.823953823953824,0.8067532467532468,0.012546115447271654,5,0.6087919452590981,0.025924527644582557,5,3,3
