Dataset,Time,AUC,FSC,CohenKappa,AUC_mean,AUC_std,Features_auc,Accurracy_max,Accurracy_mean,Accurracy_std,Features_acc,CohenKappa_mean,CohenKappa_std,Features_ck,Seed,Fold
7,1200,0.9166666666666667,0.923076923076923,0.6,0.5683333333333332,0.19053287846924943,6,0.875,0.6725,0.105741429912783,6,-0.041142857142857106,0.2660908067940669,6,3,1
